{
  "project_info": {
    "project_number": "946457892394",
    "firebase_url": "https://happylife-d0db0-default-rtdb.firebaseio.com",
    "project_id": "happylife-d0db0",
    "storage_bucket": "happylife-d0db0.appspot.com"
  },
  "client": [
    {
      "client_info": {
        "mobilesdk_app_id": "1:946457892394:android:6bd9a2065f64d1bfacd553",
        "android_client_info": {
          "package_name": "com.example.happylife"
        }
      },
      "oauth_client": [
        {
          "client_id": "946457892394-40gnaci2ief9h9g5d4tqutuivkh2iee5.apps.googleusercontent.com",
          "client_type": 3
        }
      ],
      "api_key": [
        {
          "current_key": "AIzaSyAv8C2e7P6c0bnWJii3eCozx2VADuh7ajg"
        }
      ],
      "services": {
        "appinvite_service": {
          "other_platform_oauth_client": [
            {
              "client_id": "946457892394-40gnaci2ief9h9g5d4tqutuivkh2iee5.apps.googleusercontent.com",
              "client_type": 3
            }
          ]
        }
      }
    }
  ],
  "configuration_version": "1"
}